{
  "id": "2066903",
  "name": "小米商城",
  "font_family": "iconfont",
  "css_prefix_text": "icon",
  "description": "",
  "glyphs": [
    {
      "icon_id": "654990",
      "name": "手机app",
      "font_class": "shoujiapp",
      "unicode": "e625",
      "unicode_decimal": 58917
    },
    {
      "icon_id": "4144176",
      "name": "客服 耳机 人工服务 面性",
      "font_class": "kefuerjirengongfuwumianxing",
      "unicode": "e954",
      "unicode_decimal": 59732
    },
    {
      "icon_id": "10162980",
      "name": "返回顶部",
      "font_class": "top",
      "unicode": "e608",
      "unicode_decimal": 58888
    },
    {
      "icon_id": "10508927",
      "name": "售后服务 (2)",
      "font_class": "shouhoufuwu1",
      "unicode": "e609",
      "unicode_decimal": 58889
    },
    {
      "icon_id": "10965379",
      "name": "个人中心",
      "font_class": "renwu",
      "unicode": "e60a",
      "unicode_decimal": 58890
    },
    {
      "icon_id": "9200763",
      "name": "16-下拉圆圈向右",
      "font_class": "-xialayuanquanxiangyou",
      "unicode": "e719",
      "unicode_decimal": 59161
    },
    {
      "icon_id": "10981505",
      "name": "闪电",
      "font_class": "shandian",
      "unicode": "e607",
      "unicode_decimal": 58887
    },
    {
      "icon_id": "16571673",
      "name": "icon_企业团购",
      "font_class": "icon_qiyetuangou",
      "unicode": "e67b",
      "unicode_decimal": 59003
    },
    {
      "icon_id": "11812966",
      "name": "向右",
      "font_class": "xiangyou-copy",
      "unicode": "e605",
      "unicode_decimal": 58885
    },
    {
      "icon_id": "13333911",
      "name": "向上箭头",
      "font_class": "angle-right-copy",
      "unicode": "e606",
      "unicode_decimal": 58886
    },
    {
      "icon_id": "8769198",
      "name": "向右",
      "font_class": "xiangyou",
      "unicode": "e638",
      "unicode_decimal": 58936
    },
    {
      "icon_id": "65541",
      "name": "搜索",
      "font_class": "sousuo",
      "unicode": "e6c3",
      "unicode_decimal": 59075
    },
    {
      "icon_id": "2599059",
      "name": "话费充值",
      "font_class": "huafeichongzhi",
      "unicode": "e600",
      "unicode_decimal": 58880
    },
    {
      "icon_id": "2693816",
      "name": "以旧换新",
      "font_class": "yijiuhuanxin",
      "unicode": "e60f",
      "unicode_decimal": 58895
    },
    {
      "icon_id": "3143798",
      "name": "时钟",
      "font_class": "clock",
      "unicode": "e60d",
      "unicode_decimal": 58893
    },
    {
      "icon_id": "9844520",
      "name": "小米商城F码",
      "font_class": "xiaomishangchengFma",
      "unicode": "e602",
      "unicode_decimal": 58882
    },
    {
      "icon_id": "9898924",
      "name": "米粉卡",
      "font_class": "mifenka",
      "unicode": "e603",
      "unicode_decimal": 58883
    },
    {
      "icon_id": "12557601",
      "name": "企业团购",
      "font_class": "qiyetuangou",
      "unicode": "e604",
      "unicode_decimal": 58884
    },
    {
      "icon_id": "13839495",
      "name": "小米购物车 ",
      "font_class": "xiaomigouwuche",
      "unicode": "e601",
      "unicode_decimal": 58881
    }
  ]
}
